title,company,location,link
Student Intern (South Korea),SAP,서울,https://kr.indeed.com/viewjob?jk=f83c468b246ce9ef
[전문연구요원] 상시,네이버,대한민국,https://kr.indeed.com/viewjob?jk=b79c2ae536063b01
Data Scientist,Boston Consulting Group,서울,https://kr.indeed.com/viewjob?jk=ce6747e77c861c46
Back-end 개발 경력자 모집,(주)스프링클라우드,성남 분당구,https://kr.indeed.com/viewjob?jk=b7cfa27c729bca29
[Search & Clova] Clova AI 인재,네이버,대한민국,https://kr.indeed.com/viewjob?jk=92bd400e3b5306ba
Python 웹프로그램 엔지니어,이진솔루션,인천 서구,https://kr.indeed.com/viewjob?jk=e2dfb5ede005951f
Developer / Designer recruit,마이뮤직테이스트,서울 논현동,https://kr.indeed.com/viewjob?jk=55a19c92c845685e
[Search & Clova] Clova 체험형 인턴,네이버,대한민국,https://kr.indeed.com/viewjob?jk=b4b6ee0fd83b8ce1
데이터 분석/자연어 처리 파이썬(Python) 개발자,윕스,서울 마포구,https://kr.indeed.com/viewjob?jk=f7b3c8657e731980
"Partner Engineer, Google Assistant",Google,서울,https://kr.indeed.com/viewjob?jk=c6398dbbd3c4f4d9
2019 Military Service Exemption Position Available at the IBS CMCM (Synthetic Organic/Polymer Chemistry OR Theoretical Study of Carbon and Related Materials),울산과학기술원,울산 언양읍,https://kr.indeed.com/viewjob?jk=8becbf73bbda7c96
Data Scientist,Valmet Inc.,서울,https://kr.indeed.com/viewjob?jk=e20355c9cc0e1ec6
Support Engineer,Microsoft,서울,https://kr.indeed.com/viewjob?jk=0bbf23c0930be392
경험최적화파트 - 데이터 사이언티스트/분석가,Nexon,성남 분당구,https://kr.indeed.com/viewjob?jk=c6e0b428a62c7eaa
솔루션 프론트엔드 개발자,Nexon,성남 분당구,https://kr.indeed.com/viewjob?jk=273d830a0c62aedd
[동영상플랫폼] 연계형 인턴십,네이버,대한민국,https://kr.indeed.com/viewjob?jk=e65a195da656bcdc
MySQL Engineer,카카오,성남 판교역,https://kr.indeed.com/viewjob?jk=dd06066d79860614
System Administrator 2-IT (Datacenter Engineer),Oracle,서울,https://kr.indeed.com/viewjob?jk=55dd3a1ce1248639
Senior Business Analysis (Strategic Planning),Coupang,서울,https://kr.indeed.com/viewjob?jk=5f3b7800e776da58
AI Scientist - Symbolic AI (Natural Language Reasoning),MIND AI,서울,https://kr.indeed.com/viewjob?jk=7b96b63ac704d98a
Software Engineer / Sr. Software Engineer(C++ / Python Developer),Nielsen,서울,https://kr.indeed.com/viewjob?jk=686cdc6df95f159f
"R&D Engineer, Sr I",Synopsys,서울,https://kr.indeed.com/viewjob?jk=432b169b273d9964
직원,KIS채권평가,대한민국,https://kr.indeed.com/viewjob?jk=22e47a04b651ae84
데이터 분석 및 지표 구축,아프리카TV,성남 분당구,https://kr.indeed.com/viewjob?jk=1d95b1dac345f2ca
Deep Learning Architect,Amazon Web Services Korea LLC,서울,https://kr.indeed.com/viewjob?jk=9f7af88b0ef15493
[멜론] 빅데이터 서비스 개발자,카카오,성남 판교역,https://kr.indeed.com/viewjob?jk=3e2a310c9dd0f693
Design for Test (DFT) Engineer,SiFive,대한민국,https://kr.indeed.com/viewjob?jk=6c6ccc05ec15dc41
자산운용본부/전략기획본부 인턴,브이아이피자산운용,대한민국,https://kr.indeed.com/viewjob?jk=d1d0f9bfa7226166
Data Engineer,고도소프트,서울 구로구,https://kr.indeed.com/viewjob?jk=68ee194a9d487aac
데스크탑 가상화(VDI) 엔지니어,카카오,성남 판교역,https://kr.indeed.com/viewjob?jk=530a598184580c95
빅데이터 플랫폼 및 BI시스템 구축 그룹 IT계열사,그룹 IT계열사,서울특별시,https://kr.indeed.com/viewjob?jk=c1936b77c8be4bcf
"Technical Specialist, Professional Services (Korean, English)",Google,서울,https://kr.indeed.com/viewjob?jk=fa839fed02943ef7
[보안]보안솔루션 운영 담당자(정규직),위메프,대한민국,https://kr.indeed.com/viewjob?jk=84fd4c2127309eea
퀀트운용팀 (사원-대리급),신한비엔피파리바자산운용,대한민국,https://kr.indeed.com/viewjob?jk=9040dba1c8db2a5d
[예비사회적기업] 도시데이터 분석으로 사회적 가치 만들어나갈 인재 찾습니다.,어반스테이션,서울 용산구,https://kr.indeed.com/viewjob?jk=9636072f3878d7aa
(클라우드서비스)네트워크 개발자 모집,카카오엔터프라이즈,성남 삼평동,https://kr.indeed.com/viewjob?jk=282b7f31b5737f09
Financial Controller with Data Science,Continental,대한민국,https://kr.indeed.com/viewjob?jk=6218cd959f0f6bd4
"MVP 개발 엔지니어(서버, 웹프론트) (정규직, 계약직, 프리랜서)",더테스터,대전 중구,https://kr.indeed.com/viewjob?jk=1748baa27965fdbf
제조공정Deep Learning/AI 전문가 대그룹계열제조사,대그룹계열제조사,서울특별시,https://kr.indeed.com/viewjob?jk=c2bc15d755c2e44a
백엔드 엔지니어 (e-커머스),리디,서울특별시,https://kr.indeed.com/viewjob?jk=4e9166a2cbb013ce
2020년 제1회 공무직 근로자 연장,기상청,제주도 제주,https://kr.indeed.com/viewjob?jk=e0697f11b625bbd8
[위촉연구원] 로보틱스 연구소 위촉연구원,카이스트,대전 유성구,https://kr.indeed.com/viewjob?jk=009fec715620a4e5
리서치센터 RA,신한금융투자,대한민국,https://kr.indeed.com/viewjob?jk=5f7da090abe24e91
Platform/BSP SW APPS Engineering - Sr. Engineer,Qualcomm,서울,https://kr.indeed.com/viewjob?jk=3e06cf372a8c1681
Cross Border Ecommerce - Business Intelligence (Based in Seoul),Shopee,서울,https://kr.indeed.com/viewjob?jk=b574f1454ae36aab
Lead Technical Solutions Engineer,MightyHive,서울,https://kr.indeed.com/viewjob?jk=ae2c6294bc277408
데이터 사이언티스트 지향하는 데이터 엔지니어,카카오,성남 판교역,https://kr.indeed.com/viewjob?jk=385c58c7ced1d77b
Software Engineer,ODK Media Inc,서울 강남구,https://kr.indeed.com/viewjob?jk=9674fb33a257bc84
데이터인프라개발팀 - 데이터 플랫폼 엔지니어,Nexon,성남 분당구,https://kr.indeed.com/viewjob?jk=73457e281df2be21
데이터분석가(게임어뷰징 탐지),Nexon,성남 분당구,https://kr.indeed.com/viewjob?jk=ea3b136c0ff59524
Analytics Specialist - Risk Advanced Analytics,McKinsey & Company,"Waltham, MA",https://stackoverflow.com/jobs/274804
解析技術エンジニア / システムインテグレータ・ソフトハウス,株式会社 想画,"Kita City, Japan",https://stackoverflow.com/jobs/351089
製品開発[IT]/基礎研究･R&D,株式会社IPG,"Chuo City, Japan",https://stackoverflow.com/jobs/351086
データプラットフォームエンジニア,株式会社KADOKAWA Connected,"Chuo City, Japan",https://stackoverflow.com/jobs/351076
AIエンジニア,株式会社ディーシステム,"Yokohama, Japan",https://stackoverflow.com/jobs/351075
DevOps Engineer,"BitBrew, Inc.","Ann Arbor, MI",https://stackoverflow.com/jobs/339617
自社内メインのシステム開発/年間休日121日,株式会社ナレッジアンドマテリアルズ,"Hamamatsu, Japan",https://stackoverflow.com/jobs/309268
プログラミングのできる方、プログラマー募集,合同会社シェアストック,"Tsukuba, Japan",https://stackoverflow.com/jobs/333495
データエンジニア,アクサ損害保険株式会社,"Taito City, Japan",https://stackoverflow.com/jobs/339538
品質保証スペシャリスト100%自社開発プロダクトの品質管理責任者,ソフトブレーン株式会社,"Chuo City, Japan",https://stackoverflow.com/jobs/320943
外国人大歓迎 エンジニア 国籍関係なく大活躍できる!!,アクサス株式会社,"Nagoya, Japan",https://stackoverflow.com/jobs/339501
Senior Data Engineer,Traveloka,"Jakarta, Indonesia",https://stackoverflow.com/jobs/351030
[ 紹介案件 ] テックリード/新卒事業部【大手人材紹介企業】,Fidel Consulting,"Shibuya City, Japan",https://stackoverflow.com/jobs/320279
サイバーセキュリティ管理 / モバイル/アプリサービス,株式会社 エムティーアイ,"Shinjuku City, Japan",https://stackoverflow.com/jobs/320254
機械学習エンジニア,ウタゴエ株式会社,"Shinjuku City, Japan",https://stackoverflow.com/jobs/320235
データアナリスト / インターネット/Webサービス・ASP,株式会社 Nextremer,"Itabashi City, Japan",https://stackoverflow.com/jobs/320234
データ分析事業のプロダクトエンジニア / ソフトウェア/パッケージベンダ,ブレインズテクノロジー 株式会社,"Minato City, Japan",https://stackoverflow.com/jobs/320233
データ分析事業のプロダクトマネージャー / ソフトウェア/パッケージベンダ,ブレインズテクノロジー 株式会社,"Minato City, Japan",https://stackoverflow.com/jobs/320232
Technical Setup Engineer | Full-Time | User Research International,User Research International,"Redmond, WA",https://stackoverflow.com/jobs/362700
Web Developer,Creators Desire Solution,"Indore, India",https://stackoverflow.com/jobs/364366
PHP Developer,ESP Softtech Pvt. Ltd.,"Indore, India",https://stackoverflow.com/jobs/364312
Software Corporate Training & Internship/Software Developer/Software Tester,Predigisoft Technologies pvt ltd,"Pune, India",https://stackoverflow.com/jobs/364278
Site Reliability Engineer,"Wikimedia Foundation, Inc.","San Francisco, CA",https://stackoverflow.com/jobs/364271
Front End Developer,eTechno Lab,"Pune, India",https://stackoverflow.com/jobs/322679
Data Scientist,Noodle.ai,"Bengaluru, India",https://stackoverflow.com/jobs/339478
"Software Engineer, Infrastructure",Asana,"San Francisco, CA",https://stackoverflow.com/jobs/233679
Data Scientist,AISPL - Karnataka,"Bengaluru, India",https://stackoverflow.com/jobs/339475
CIEL/SEL/12625: Data Engineer,CIEL HR Services,"Bengaluru, India",https://stackoverflow.com/jobs/339474
Machine Learning Engineer (Data Science Engineer),Pype,"Bengaluru, India",https://stackoverflow.com/jobs/339467
Senior DevOps Engineer/Senior Technical Support Engineer,Impetus Technologies,"Bengaluru, India",https://stackoverflow.com/jobs/339462
Data Engineer - India,Cermati.com,"Bengaluru, India",https://stackoverflow.com/jobs/339461
DATA SCIENTIST,Britive,"Bengaluru, India",https://stackoverflow.com/jobs/339451
Data Scientist,BigTapp,"Bengaluru, India",https://stackoverflow.com/jobs/339443
Data Scientist,Aptus Data LAbs,"Bengaluru, India",https://stackoverflow.com/jobs/339442
Data Scientist,Germane Analytics Pvt Ltd,"Bengaluru, India",https://stackoverflow.com/jobs/339441
Data Scientist,Zeta Global,"Bengaluru, India",https://stackoverflow.com/jobs/339440
Data Scientist,ASSPL - Karnataka,"Bengaluru, India",https://stackoverflow.com/jobs/339438
Data Scientist,QubeRoot Analytics,"Bengaluru, India",https://stackoverflow.com/jobs/339436
Data Science Engineer,AXA Business Services,"Bengaluru, India",https://stackoverflow.com/jobs/339433
DATA SCIENTIST,Melstar Information Technologies Limited,"Bengaluru, India",https://stackoverflow.com/jobs/339431
Big Data Engineer,Noodle.ai,"Bengaluru, India",https://stackoverflow.com/jobs/339428
Big Data Engineer,BDB,"Bengaluru, India",https://stackoverflow.com/jobs/339426
Big Data Engineer,Big Data BizViz (BizViz Technologies Pvt. Ltd),"Bengaluru, India",https://stackoverflow.com/jobs/339425
Big data,technosoft corporation,"Bengaluru, India",https://stackoverflow.com/jobs/339423
Data Engineer,Qubole,"Bengaluru, India",https://stackoverflow.com/jobs/339421
CIEL/SEL/2317: Data Scientist Machine Learning,CIEL HR Services,"Bengaluru, India",https://stackoverflow.com/jobs/339419
Big Data Engineer,Tredence,"Bengaluru, India",https://stackoverflow.com/jobs/339414
Associate Consultant - Risk Dynamics,McKinsey & Company,"Waltham, MA",https://stackoverflow.com/jobs/274791
Senior Node.js Engineer,SAP,"Bellevue, WA",https://stackoverflow.com/jobs/364267
SAP Concur- DevOps Engineer,SAP,"Bellevue, WA",https://stackoverflow.com/jobs/361279
DevOps Engineer,J.B. Hunt Transport,"Lowell, AR",https://stackoverflow.com/jobs/364223
SAP Concur - DevOps Engineer,SAP,"Bellevue, WA",https://stackoverflow.com/jobs/364260
Senior Software Engineer,SAP,"Palo Alto, CA",https://stackoverflow.com/jobs/364259
Jr. Linux Systems Administrator,"Clover Leaf Solutions, Inc.","Albuquerque, NM",https://stackoverflow.com/jobs/339328
Senior Cloud Database Systems Developer,SAP,"Waterloo, ON, Canada",https://stackoverflow.com/jobs/364257
Data Analyst / Quantitative Data Analyst,Hopjump,"Cambridge, MA",https://stackoverflow.com/jobs/307345
Senior Software Engineer (Platform),Hopjump,"Cambridge, MA",https://stackoverflow.com/jobs/274402
Senior Software Engineer (.NET and Node.js),IDS International,"Arlington, VA",https://stackoverflow.com/jobs/336922
Advanced Python Engineer,Research Affiliates (Investment Systems),"Newport Beach, CA",https://stackoverflow.com/jobs/159863
Data Scientist,VideoAmp,"Los Angeles, CA",https://stackoverflow.com/jobs/274780
Software Architects (Multiple Locations),Salesforce,"Seattle, WA",https://stackoverflow.com/jobs/364250
Software Architects (Multiple Locations),Salesforce,"San Francisco, CA",https://stackoverflow.com/jobs/364249
"Software Architect - US, Remote w/ Travel",Theorem,No office location,https://stackoverflow.com/jobs/364244
DevOps Engineers All Levels (Senior/Lead/Principal) (Multiple Locations),Salesforce,"Herndon, VA",https://stackoverflow.com/jobs/364242
DevOps Engineers All Levels (Senior/Lead/Principal) (Multiple Locations),Salesforce,"Boston, MA",https://stackoverflow.com/jobs/364241
DevOps Engineers All Levels (Senior/Lead/Principal) (Multiple Locations),Salesforce,"Seattle, WA",https://stackoverflow.com/jobs/364240
DevOps Engineers All Levels (Senior/Lead/Principal) (Multiple Locations),Salesforce,"San Francisco, CA",https://stackoverflow.com/jobs/364239
"Senior / Lead / Principal Data Engineer, Machine Learning / Deep Learning",Salesforce,"San Francisco, CA",https://stackoverflow.com/jobs/364237
"Full-Stack Software Engineer (Senior, Lead, Principal) – Application Development",Salesforce,"Louisville, CO",https://stackoverflow.com/jobs/364228
"Full-Stack Software Engineer (Senior, Lead, Principal) – Application Development",Salesforce,"Indianapolis, IN",https://stackoverflow.com/jobs/364227
"Full-Stack Software Engineer (Senior, Lead, Principal) – Application Development",Salesforce,"Boston, MA",https://stackoverflow.com/jobs/364226
"Full-Stack Software Engineer (Senior, Lead, Principal) – Application Development",Salesforce,"Seattle, WA",https://stackoverflow.com/jobs/364225
Backend Engineer,Wildlife,"Buenos Aires, Argentina",https://stackoverflow.com/jobs/350963
Senior Data Engineer,Altruist,"Los Angeles, CA",https://stackoverflow.com/jobs/320854
Senior Systems/DevOps Engineer - Email Security Services,Open Systems AG,"Zürich, Switzerland",https://stackoverflow.com/jobs/364222
"Senior DevOps Engineer (Kansas City, MO - Relocation Available)",New Context Services,"Kansas City, MO",https://stackoverflow.com/jobs/282738
"Full-Stack Software Engineer (Senior, Lead, Principal) – Application Development",Salesforce,"San Francisco, CA",https://stackoverflow.com/jobs/364221
Senior Node.js Software Engineer,SimpliSafe,"Boston, MA",https://stackoverflow.com/jobs/350962
(Senior) Data Scientist,Sandvik,"Stockholm, Sweden",https://stackoverflow.com/jobs/205429
Site Reliability Engineer,Salesforce,"Herndon, VA",https://stackoverflow.com/jobs/364218
Site Reliability Engineer,Salesforce,"San Francisco, CA",https://stackoverflow.com/jobs/364217
Principal/ Lead/ Sr. Platform/ Back-end Eng,Salesforce,"Boston, MA",https://stackoverflow.com/jobs/364215
Principal/ Lead/ Sr. Platform/ Back-end Eng,Salesforce,"Indianapolis, IN",https://stackoverflow.com/jobs/364214
Principal/ Lead/ Sr. Platform/ Back-end Eng,Salesforce,"Seattle, WA",https://stackoverflow.com/jobs/364213
Principal/ Lead/ Sr. Platform/ Back-end Eng,Salesforce,"San Francisco, CA",https://stackoverflow.com/jobs/364212
Microservices Software Engineer,SimpliSafe,"Boston, MA",https://stackoverflow.com/jobs/350959
Software Engineer All Levels (Senior/Lead/Principal),Salesforce,"Indianapolis, IN",https://stackoverflow.com/jobs/364210
Software Engineer All Levels (Senior/Lead/Principal),Salesforce,"Boston, MA",https://stackoverflow.com/jobs/364209
Software Engineer All Levels (Senior/Lead/Principal),Salesforce,"Seattle, WA",https://stackoverflow.com/jobs/364208
Software Engineer All Levels (Senior/Lead/Principal),Salesforce,"San Francisco, CA",https://stackoverflow.com/jobs/364207
Senior Software Engineer,HomeLight,"Seattle, WA",https://stackoverflow.com/jobs/339267
Staff Engineer - BI,SimpliSafe,"Boston, MA",https://stackoverflow.com/jobs/350953
DevOps Senior Engineer - ClickSoftware,Salesforce,"Petah Tikva, Israel",https://stackoverflow.com/jobs/364202
Software Engineer - CCX Engineering,Salesforce,"Hyderabad, India",https://stackoverflow.com/jobs/364195
Electronic Engineer,"Indiana University, Department of Psychological and Brain Sciences","Bloomington, IN",https://stackoverflow.com/jobs/305591
Java Backend/ Full Stack Engineer - Datorama,Salesforce,"Tel Aviv-Yafo, Israel",https://stackoverflow.com/jobs/364193
Senior Design Verification Engineer,quadric.io,"Burlingame, CA",https://stackoverflow.com/jobs/339265
Senior Python Engineer- Datorama,Salesforce,"Tel Aviv-Yafo, Israel",https://stackoverflow.com/jobs/364192
Sr/Lead Backend Engineer - (US Citizen),Salesforce,"Seattle, WA",https://stackoverflow.com/jobs/364186
"Senior Devops Engineer (Contract, Remote)",New Context Services,No office location,https://stackoverflow.com/jobs/272561
"Senior Software Engineer, Full Stack",Flock Freight,"Solana Beach, CA",https://stackoverflow.com/jobs/269285
Senior Full Stack Engineer - Back End Focused RoR,FortressIQ,"San Francisco, CA",https://stackoverflow.com/jobs/278683
Senior Python Developer,Lab Technologies SA,"Chiasso, Switzerland",https://stackoverflow.com/jobs/331824
Integration Specialist,Ultimate Software,"New York, NY",https://stackoverflow.com/jobs/364182
Site Reliability Lead,Tessian,"London, UK",https://stackoverflow.com/jobs/288409
Senior Python Backend Engineer,Tessian,"London, UK",https://stackoverflow.com/jobs/288862
Security Engineer - Lead,Tessian,"London, UK",https://stackoverflow.com/jobs/288407
Front End Engineer,Tessian,"London, UK",https://stackoverflow.com/jobs/341634
DevOps Team Lead,Tessian,"London, UK",https://stackoverflow.com/jobs/362181
Lawinensprengen am Smartphone (DevOps Engineer),Wyssen Seilbahnen AG,"Reichenbach im Kandertal, Schweiz",https://stackoverflow.com/jobs/344197
Sr. Python Developer - Immediate 6 month contract opportunity,Pacific Dental ServicesviaNTERSOL,"Irvine, CA",https://stackoverflow.com/jobs/271147
Software Solutions Architect – London,Theorem,No office location,https://stackoverflow.com/jobs/305567
Experienced Backend Engineer – London,Theorem,No office location,https://stackoverflow.com/jobs/305564
"Senior Software Engineer, Algorithms",Flock Freight,"Solana Beach, CA",https://stackoverflow.com/jobs/298692
DevOps Engineer (AWS/Python),eNGINE LLC,"Pittsburgh, PA",https://stackoverflow.com/jobs/313681
Data Scientist,SentiLink,"San Francisco, CA",https://stackoverflow.com/jobs/290622
Engineering Team Lead (Remote),Hotjar,No office location,https://stackoverflow.com/jobs/364173
"Technical Lead - Python, Java,",TraydstreamviaHays plc,"London, UK",https://stackoverflow.com/jobs/364170
Senior Data Engineer,Urban Sports GmbH,"Berlin, Germany",https://stackoverflow.com/jobs/364169
"Software Engineer, Full Stack",Forward,"San Francisco, CA",https://stackoverflow.com/jobs/336573
"Software Engineer, Backend Infrastructure",Forward,"San Francisco, CA",https://stackoverflow.com/jobs/345270
DevOps Engineer,TerakiviaResourcing People Ltd,"Berlin, Germany",https://stackoverflow.com/jobs/364164
Developer- Data Infrastructure Engineering,Akuna Capital,"Chicago, IL",https://stackoverflow.com/jobs/200542
Front-End Developer,MayStreet Inc.,"New York, NY",https://stackoverflow.com/jobs/302247
Python Backend Developer (Bayes) (d/f/m),Bayes Esports Solutions GmbH,"Berlin, Deutschland",https://stackoverflow.com/jobs/364161
